{
  "original_weights": [
    0.4,
    0.3,
    0.3
  ],
  "optimal_weights": [
    0.4,
    0.3,
    0.3
  ],
  "original_return_diff": -0.06367757209364718,
  "optimal_return_diff": -0.06367757209364718,
  "improvement": 0.0,
  "optimization_success": true
}