{
  "episodes_summary": {
    "buy_transaction_id": {
      "count": 179978.0,
      "mean": 6700551.514924047,
      "std": 3681238.4145629522,
      "min": -39344.0,
      "25%": 6337816.25,
      "50%": 7709023.5,
      "75%": 8957152.75,
      "max": 11856289.0
    },
    "sell_transaction_id": {
      "count": 179978.0,
      "mean": 8735783.138311349,
      "std": 1794766.895749574,
      "min": 523.0,
      "25%": 7641761.0,
      "50%": 8554778.5,
      "75%": 10140154.75,
      "max": 11874153.0
    },
    "buy_price": {
      "count": 179978.0,
      "mean": 9.927619798537632,
      "std": 77.53291743970186,
      "min": 0.01,
      "25%": 1.03,
      "50%": 2.602,
      "75%": 8.32,
      "max": 3643.9100000000003
    },
    "sell_price": {
      "count": 179978.0,
      "mean": 9.891041831562928,
      "std": 82.340937426154,
      "min": 0.0125,
      "25%": 1.09,
      "50%": 2.63,
      "75%": 8.125,
      "max": 3749.99
    },
    "units": {
      "count": 179978.0,
      "mean": 2771.396201295177,
      "std": 12320.515356614984,
      "min": 5.898059818321144e-17,
      "25%": 110.0,
      "50%": 500.0,
      "75%": 1800.0,
      "max": 1300000.0
    },
    "return_rate": {
      "count": 179978.0,
      "mean": 9.69682242818291,
      "std": 59.095421744899404,
      "min": -99.77989684538802,
      "25%": -5.908842251840078,
      "50%": 2.564102564102557,
      "75%": 14.39509954058193,
      "max": 8809.090909090906
    },
    "return_amount": {
      "count": 179978.0,
      "mean": 310.21897528445606,
      "std": 78515.99524035017,
      "min": -16624800.614,
      "25%": -83.99500000000003,
      "50%": 135.91586520000027,
      "75%": 1276.0,
      "max": 3712500.0
    },
    "holding_days": {
      "count": 179978.0,
      "mean": 292.3873417862183,
      "std": 457.9149238184822,
      "min": 1.0,
      "25%": 12.0,
      "50%": 56.0,
      "75%": 336.0,
      "max": 1793.0
    }
  },
  "features_summary": {
    "buy_recent_avg_return": {
      "count": 179978.0,
      "mean": 5.3004593630577,
      "std": 28.680847850524955,
      "min": -99.50761664867458,
      "25%": -1.2246095945336997,
      "50%": 0.0,
      "75%": 7.622086896814819,
      "max": 3942.910447761194
    },
    "buy_recent_win_rate": {
      "count": 179978.0,
      "mean": 0.565756462826938,
      "std": 0.2813210929004416,
      "min": 0.0,
      "25%": 0.4,
      "50%": 0.5,
      "75%": 0.8,
      "max": 1.0
    },
    "buy_consecutive_wins": {
      "count": 179978.0,
      "mean": 1.9149673849025992,
      "std": 3.9309908792626356,
      "min": 0.0,
      "25%": 0.0,
      "50%": 0.0,
      "75%": 2.0,
      "max": 96.0
    },
    "buy_consecutive_losses": {
      "count": 179978.0,
      "mean": 0.9279467490471057,
      "std": 2.3556990561386257,
      "min": 0.0,
      "25%": 0.0,
      "50%": 0.0,
      "75%": 1.0,
      "max": 59.0
    },
    "buy_days_since_last_trade": {
      "count": 179978.0,
      "mean": 34.63785573792352,
      "std": 118.09768128768033,
      "min": 1.0,
      "25%": 2.0,
      "50%": 7.0,
      "75%": 30.0,
      "max": 1763.0
    },
    "buy_trading_frequency_30d": {
      "count": 179978.0,
      "mean": 13.052084143617554,
      "std": 25.981396926125722,
      "min": 0.0,
      "25%": 0.0,
      "50%": 3.0,
      "75%": 13.0,
      "max": 324.0
    },
    "buy_active_positions": {
      "count": 179978.0,
      "mean": 43.656941403949375,
      "std": 164.04030588103842,
      "min": 0.0,
      "25%": 0.0,
      "50%": 7.0,
      "75%": 27.0,
      "max": 1797.0
    },
    "sell_current_return": {
      "count": 179978.0,
      "mean": 9.69682242818291,
      "std": 59.095421744899404,
      "min": -99.77989684538802,
      "25%": -5.908842251840078,
      "50%": 2.564102564102557,
      "75%": 14.39509954058193,
      "max": 8809.090909090906
    },
    "sell_holding_days": {
      "count": 179978.0,
      "mean": 292.3873417862183,
      "std": 457.9149238184822,
      "min": 1.0,
      "25%": 12.0,
      "50%": 56.0,
      "75%": 336.0,
      "max": 1793.0
    },
    "sell_return_per_day": {
      "count": 179978.0,
      "mean": 0.15112675581965174,
      "std": 1.6697207294038046,
      "min": -90.00000000000001,
      "25%": -0.07228516416042,
      "50%": 0.025647021564175296,
      "75%": 0.29158593499153457,
      "max": 44.17177914110428
    },
    "sell_holding_vs_avg": {
      "count": 179978.0,
      "mean": 0.7824599341716999,
      "std": 3.308128995746899,
      "min": 0.0005998800239952009,
      "25%": 0.15,
      "50%": 0.5085425979120857,
      "75%": 1.0,
      "max": 506.0
    },
    "sell_return_vs_avg": {
      "count": 179978.0,
      "mean": 0.14251790510091833,
      "std": 36.01756300484137,
      "min": -3945.1535639465533,
      "25%": -6.723814651435107,
      "50%": 0.0,
      "75%": 5.283331985699563,
      "max": 900.2334106850441
    },
    "sell_drawdown_pct": {
      "count": 179978.0,
      "mean": 0.0,
      "std": 0.0,
      "min": 0.0,
      "25%": 0.0,
      "50%": 0.0,
      "75%": 0.0,
      "max": 0.0
    },
    "sell_runup_pct": {
      "count": 179978.0,
      "mean": 0.0,
      "std": 0.0,
      "min": 0.0,
      "25%": 0.0,
      "50%": 0.0,
      "75%": 0.0,
      "max": 0.0
    },
    "outcome_return_rate": {
      "count": 179978.0,
      "mean": 9.69682242818291,
      "std": 59.095421744899404,
      "min": -99.77989684538802,
      "25%": -5.908842251840078,
      "50%": 2.564102564102557,
      "75%": 14.39509954058193,
      "max": 8809.090909090906
    },
    "outcome_holding_days": {
      "count": 179978.0,
      "mean": 292.3873417862183,
      "std": 457.9149238184822,
      "min": 1.0,
      "25%": 12.0,
      "50%": 56.0,
      "75%": 336.0,
      "max": 1793.0
    },
    "outcome_profitable": {
      "count": 179978.0,
      "mean": 0.591244485437109,
      "std": 0.49160531596464396,
      "min": 0.0,
      "25%": 0.0,
      "50%": 1.0,
      "75%": 1.0,
      "max": 1.0
    }
  },
  "return_distribution": {
    "mean": 9.69682242818291,
    "std": 59.095421744899404,
    "min": -99.77989684538802,
    "max": 8809.090909090906,
    "percentiles": {
      "25%": -5.908842251840078,
      "50%": 2.564102564102557,
      "75%": 14.39509954058193
    }
  }
}